,did,name,version,uploader,status,format,MajorityClassSize,MaxNominalAttDistinctValues,MinorityClassSize,NumberOfClasses,NumberOfFeatures,NumberOfInstances,NumberOfInstancesWithMissingValues,NumberOfMissingValues,NumberOfNumericFeatures,NumberOfSymbolicFeatures
1127,1127,AP_Breast_Omentum,1,2,active,ARFF,344.0,2.0,77.0,2.0,10936.0,421.0,0.0,0.0,10935.0,1.0
1122,1122,AP_Breast_Prostate,1,2,active,ARFF,344.0,2.0,69.0,2.0,10936.0,413.0,0.0,0.0,10935.0,1.0
1154,1154,AP_Endometrium_Lung,1,2,active,ARFF,126.0,2.0,61.0,2.0,10936.0,187.0,0.0,0.0,10935.0,1.0
1141,1141,AP_Endometrium_Prostate,1,2,active,ARFF,69.0,2.0,61.0,2.0,10936.0,130.0,0.0,0.0,10935.0,1.0
1164,1164,AP_Endometrium_Uterus,1,2,active,ARFF,124.0,2.0,61.0,2.0,10936.0,185.0,0.0,0.0,10935.0,1.0
1136,1136,AP_Lung_Uterus,1,2,active,ARFF,126.0,2.0,124.0,2.0,10936.0,250.0,0.0,0.0,10935.0,1.0
1155,1155,AP_Prostate_Lung,1,2,active,ARFF,126.0,2.0,69.0,2.0,10936.0,195.0,0.0,0.0,10935.0,1.0
1120,1120,MagicTelescope,1,2,active,ARFF,12332.0,2.0,6688.0,2.0,12.0,19020.0,0.0,0.0,11.0,1.0
458,458,analcatdata_authorship,1,2,active,ARFF,317.0,4.0,55.0,4.0,71.0,841.0,0.0,0.0,70.0,1.0
452,452,analcatdata_broadwaymult,1,2,active,ARFF,118.0,95.0,21.0,7.0,8.0,285.0,18.0,27.0,3.0,5.0
479,479,analcatdata_cyyoung9302,1,2,active,ARFF,73.0,9.0,19.0,2.0,10.0,92.0,0.0,0.0,6.0,4.0
469,469,analcatdata_dmft,1,2,active,ARFF,155.0,9.0,123.0,6.0,5.0,797.0,0.0,0.0,0.0,5.0
449,449,analcatdata_homerun,1,2,active,ARFF,101.0,7.0,1.0,5.0,27.0,163.0,1.0,9.0,12.0,15.0
474,474,analcatdata_marketing,1,2,active,ARFF,203.0,5.0,2.0,6.0,33.0,364.0,53.0,101.0,0.0,33.0
460,460,analcatdata_reviewer,1,2,active,ARFF,141.0,3.0,54.0,4.0,8.0,379.0,365.0,1418.0,0.0,8.0
5,5,arrhythmia,1,1,active,ARFF,245.0,13.0,2.0,13.0,280.0,452.0,384.0,408.0,206.0,74.0
482,482,arsenic-male-bladder,1,2,active,ARFF,,43.0,,0.0,5.0,559.0,0.0,0.0,4.0,1.0
7,7,audiology,1,1,active,ARFF,57.0,24.0,1.0,24.0,70.0,226.0,222.0,317.0,0.0,70.0
1387,1387,"BNG(audiology,1000,1)",1,1,active,ARFF,241431.0,24.0,6126.0,24.0,70.0,1000000.0,0.0,0.0,0.0,70.0
1388,1388,"BNG(audiology,1000,5)",1,1,active,ARFF,241431.0,24.0,6126.0,24.0,70.0,1000000.0,0.0,0.0,0.0,70.0
1389,1389,"BNG(audiology,1000,10)",1,1,active,ARFF,241431.0,24.0,6126.0,24.0,70.0,1000000.0,0.0,0.0,0.0,70.0
1390,1390,"BNG(audiology,5000,1)",1,1,active,ARFF,241431.0,24.0,6126.0,24.0,70.0,1000000.0,0.0,0.0,0.0,70.0
1391,1391,"BNG(audiology,5000,5)",1,1,active,ARFF,241431.0,24.0,6126.0,24.0,70.0,1000000.0,0.0,0.0,0.0,70.0
1392,1392,"BNG(audiology,5000,10)",1,1,active,ARFF,241431.0,24.0,6126.0,24.0,70.0,1000000.0,0.0,0.0,0.0,70.0
202,202,autoHorse,1,1,active,ARFF,,,,,,,,,,
1192,1192,BNG(autoHorse),1,1,active,ARFF,,22.0,,0.0,26.0,1000000.0,0.0,0.0,18.0,8.0
42223,42223,dataset-autoHorse_fixed,1,10792,active,ARFF,2.0,,1.0,186.0,69.0,201.0,0.0,0.0,68.0,1.0
196,196,autoMpg,1,1,active,ARFF,,13.0,,0.0,8.0,398.0,6.0,6.0,5.0,3.0
9,9,autos,1,1,active,ARFF,67.0,22.0,3.0,6.0,26.0,205.0,46.0,59.0,15.0,11.0
75,75,"BNG(autos,nominal,1000000)",1,1,active,ARFF,323286.0,22.0,2430.0,7.0,26.0,1000000.0,0.0,0.0,0.0,26.0
248,248,BNG(autos),1,1,active,ARFF,323554.0,22.0,2441.0,7.0,26.0,1000000.0,0.0,0.0,15.0,11.0
1393,1393,"BNG(autos,1000,1)",1,1,active,ARFF,323554.0,22.0,2441.0,7.0,26.0,1000000.0,0.0,0.0,15.0,11.0
1394,1394,"BNG(autos,1000,5)",1,1,active,ARFF,323554.0,22.0,2441.0,7.0,26.0,1000000.0,0.0,0.0,15.0,11.0
1395,1395,"BNG(autos,1000,10)",1,1,active,ARFF,323554.0,22.0,2441.0,7.0,26.0,1000000.0,0.0,0.0,15.0,11.0
1396,1396,"BNG(autos,5000,1)",1,1,active,ARFF,323554.0,22.0,2441.0,7.0,26.0,1000000.0,0.0,0.0,15.0,11.0
1397,1397,"BNG(autos,5000,5)",1,1,active,ARFF,323554.0,22.0,2441.0,7.0,26.0,1000000.0,0.0,0.0,15.0,11.0
1398,1398,"BNG(autos,5000,10)",1,1,active,ARFF,323554.0,22.0,2441.0,7.0,26.0,1000000.0,0.0,0.0,15.0,11.0
1399,1399,"BNG(autos,10000,1)",1,1,active,ARFF,323554.0,22.0,2441.0,7.0,26.0,1000000.0,0.0,0.0,15.0,11.0
1400,1400,"BNG(autos,10000,5)",1,1,active,ARFF,323554.0,22.0,2441.0,7.0,26.0,1000000.0,0.0,0.0,15.0,11.0
1401,1401,"BNG(autos,10000,10)",1,1,active,ARFF,323554.0,22.0,2441.0,7.0,26.0,1000000.0,0.0,0.0,15.0,11.0
42932,42932,avila,1,25579,active,arff,,,,,13.0,20867.0,0.0,0.0,12.0,0.0
374,374,SyskillWebert-BioMedical,1,2,active,ARFF,96.0,3.0,3.0,3.0,3.0,131.0,0.0,0.0,0.0,1.0
481,481,biomed,1,2,active,ARFF,134.0,7.0,75.0,2.0,9.0,209.0,15.0,15.0,7.0,2.0
186,186,braziltourism,1,1,active,ARFF,318.0,7.0,1.0,7.0,9.0,412.0,49.0,96.0,4.0,5.0
116,116,"BNG(bridges_version1,nominal,1000000)",1,1,active,ARFF,422711.0,108.0,95098.0,6.0,13.0,1000000.0,0.0,0.0,0.0,13.0
117,117,"BNG(bridges_version2,nominal,1000000)",1,1,active,ARFF,422711.0,108.0,95098.0,6.0,13.0,1000000.0,0.0,0.0,0.0,13.0
253,253,BNG(bridges_version1),1,1,active,ARFF,423139.0,108.0,95207.0,6.0,13.0,1000000.0,0.0,0.0,3.0,10.0
327,327,bridges,3,2,active,ARFF,44.0,54.0,10.0,6.0,12.0,105.0,35.0,61.0,3.0,9.0
455,455,cars,1,2,active,ARFF,254.0,5.0,73.0,3.0,8.0,406.0,14.0,14.0,6.0,2.0
40700,40700,cars1,1,869,active,ARFF,245.0,5.0,68.0,3.0,8.0,392.0,0.0,0.0,6.0,2.0
1112,1112,KDDCup09_churn,1,2,active,ARFF,46328.0,15415.0,3672.0,2.0,231.0,50000.0,50000.0,8024152.0,192.0,39.0
40701,40701,churn,1,869,active,ARFF,4293.0,10.0,707.0,2.0,21.0,5000.0,0.0,0.0,16.0,5.0
42178,42178,telco-customer-churn,1,1140,active,arff,5174.0,,1869.0,2.0,20.0,7043.0,0.0,0.0,3.0,0.0
42758,42758,KDDCup09-Churn,1,11601,active,arff,46328.0,,3672.0,2.0,15001.0,50000.0,50000.0,25108569.0,14811.0,1.0
488,488,colleges_aaup,1,2,active,ARFF,617.0,52.0,1.0,4.0,15.0,1161.0,87.0,256.0,13.0,2.0
1591,1591,connect-4,1,402,active,Sparse_ARFF,,,,0.0,127.0,67557.0,0.0,0.0,127.0,0.0
163,163,lung-cancer,1,1,active,ARFF,13.0,4.0,9.0,3.0,57.0,32.0,5.0,5.0,0.0,57.0
42893,42893,acp-lung-cancer,1,24140,active,arff,,,,,3.0,901.0,0.0,0.0,1.0,0.0
164,164,molecular-biology_promoters,1,1,active,ARFF,53.0,4.0,53.0,2.0,58.0,106.0,0.0,0.0,0.0,58.0
171,171,primary-tumor,1,1,active,ARFF,84.0,21.0,1.0,21.0,18.0,339.0,207.0,225.0,0.0,18.0
1177,1177,BNG(primary-tumor),1,1,active,ARFF,240693.0,22.0,1417.0,22.0,18.0,1000000.0,0.0,0.0,0.0,18.0
11,11,balance-scale,1,1,active,ARFF,288.0,3.0,49.0,3.0,5.0,625.0,0.0,0.0,4.0,1.0
12,12,mfeat-factors,1,1,active,ARFF,200.0,10.0,200.0,10.0,217.0,2000.0,0.0,0.0,216.0,1.0
14,14,mfeat-fourier,1,1,active,ARFF,200.0,10.0,200.0,10.0,77.0,2000.0,0.0,0.0,76.0,1.0
78,78,"BNG(mfeat-fourier,nominal,1000000)",1,1,active,ARFF,100595.0,10.0,99773.0,10.0,77.0,1000000.0,0.0,0.0,0.0,77.0
250,250,BNG(mfeat-fourier),1,1,active,ARFF,100515.0,10.0,99530.0,10.0,77.0,1000000.0,0.0,0.0,76.0,1.0
16,16,mfeat-karhunen,1,1,active,ARFF,200.0,10.0,200.0,10.0,65.0,2000.0,0.0,0.0,64.0,1.0
115,115,"BNG(mfeat-karhunen,nominal,1000000)",1,1,active,ARFF,100393.0,10.0,99523.0,10.0,65.0,1000000.0,0.0,0.0,0.0,65.0
252,252,BNG(mfeat-karhunen),1,1,active,ARFF,100410.0,10.0,99545.0,10.0,65.0,1000000.0,0.0,0.0,64.0,1.0
179,179,adult,1,1,active,ARFF,37155.0,41.0,11687.0,2.0,15.0,48842.0,3620.0,6465.0,2.0,13.0
1119,1119,adult-census,1,2,active,ARFF,24720.0,41.0,7841.0,2.0,16.0,32561.0,2399.0,4262.0,7.0,9.0
1182,1182,BNG(adult),1,1,active,ARFF,759864.0,41.0,240136.0,2.0,15.0,1000000.0,0.0,0.0,2.0,13.0
1240,1240,AirlinesCodrnaAdult,1,1,active,ARFF,603138.0,293.0,473652.0,2.0,30.0,1076790.0,4085.0,7275.0,13.0,17.0
42104,42104,adult_income_p,1,9558,active,ARFF,,41.0,,,17.0,48844.0,3622.0,6495.0,8.0,9.0
42878,42878,autism-adult-data,1,24140,active,ARFF,,,,,21.0,704.0,95.0,192.0,2.0,19.0
181,181,yeast,1,1,active,ARFF,463.0,10.0,5.0,10.0,9.0,1484.0,0.0,0.0,8.0,1.0
316,316,yeast_ml8,1,94,active,ARFF,2383.0,2.0,34.0,2.0,117.0,2417.0,0.0,0.0,103.0,14.0
1103,1103,yeast_gene,1,2,active,ARFF,,,,0.0,2884.0,17.0,0.0,0.0,2884.0,0.0
41091,41091,spellman_yeast,1,5348,active,ARFF,,,,,82.0,6178.0,6178.0,59017.0,82.0,0.0
182,182,satimage,1,1,active,ARFF,1531.0,6.0,625.0,6.0,37.0,6430.0,0.0,0.0,36.0,1.0
1183,1183,BNG(satimage),1,1,active,ARFF,238391.0,6.0,96502.0,6.0,37.0,1000000.0,0.0,0.0,36.0,1.0
183,183,abalone,1,1,active,ARFF,689.0,28.0,1.0,28.0,9.0,4177.0,0.0,0.0,7.0,2.0
184,184,kropt,1,1,active,ARFF,4553.0,18.0,27.0,18.0,7.0,28056.0,0.0,0.0,0.0,7.0
185,185,baseball,1,1,active,ARFF,1215.0,7.0,57.0,3.0,17.0,1340.0,20.0,20.0,15.0,2.0
495,495,baseball-pitcher,1,2,active,ARFF,,,,,,,,,,
515,515,baseball-team,1,2,active,ARFF,,7.0,,0.0,8.0,26.0,0.0,0.0,5.0,3.0
525,525,baseball-hitter,1,2,active,ARFF,,,,,,,,,,
1184,1184,BNG(baseball),1,1,active,ARFF,,7.0,,,17.0,1000000.0,0.0,0.0,15.0,2.0
188,188,eucalyptus,1,1,active,ARFF,214.0,27.0,105.0,5.0,20.0,736.0,95.0,448.0,14.0,6.0
1186,1186,BNG(eucalyptus),1,1,active,ARFF,289779.0,27.0,142795.0,5.0,20.0,1000000.0,0.0,0.0,14.0,6.0
20,20,mfeat-pixel,1,1,active,ARFF,200.0,10.0,200.0,10.0,241.0,2000.0,0.0,0.0,0.0,241.0
22,22,mfeat-zernike,1,1,active,ARFF,200.0,10.0,200.0,10.0,48.0,2000.0,0.0,0.0,47.0,1.0
118,118,"BNG(mfeat-zernike,nominal,1000000)",1,1,active,ARFF,100380.0,10.0,99430.0,10.0,48.0,1000000.0,0.0,0.0,0.0,48.0
254,254,BNG(mfeat-zernike),1,1,active,ARFF,100289.0,10.0,99797.0,10.0,48.0,1000000.0,0.0,0.0,47.0,1.0
23,23,cmc,1,1,active,ARFF,629.0,4.0,333.0,3.0,10.0,1473.0,0.0,0.0,2.0,8.0
119,119,"BNG(cmc,nominal,55296)",1,1,active,ARFF,23655.0,4.0,12555.0,3.0,10.0,55296.0,0.0,0.0,0.0,10.0
255,255,BNG(cmc),1,1,active,ARFF,23567.0,4.0,12447.0,3.0,10.0,55296.0,0.0,0.0,2.0,8.0
42881,42881,CMC_Data,1,26156,active,ARFF,,,,,10.0,1473.0,0.0,0.0,2.0,8.0
24,24,mushroom,1,1,active,ARFF,4208.0,12.0,3916.0,2.0,23.0,8124.0,2480.0,2480.0,0.0,23.0
120,120,BNG(mushroom),1,1,active,ARFF,518298.0,12.0,481702.0,2.0,23.0,1000000.0,0.0,0.0,0.0,23.0
121,121,"BNG(colic.ORIG,nominal,1000000)",1,1,active,ARFF,662777.0,338.0,337223.0,2.0,28.0,1000000.0,0.0,0.0,0.0,28.0
256,256,BNG(colic.ORIG),1,1,active,ARFF,637594.0,338.0,362406.0,2.0,28.0,1000000.0,0.0,0.0,7.0,21.0
28,28,optdigits,1,1,active,ARFF,572.0,10.0,554.0,10.0,65.0,5620.0,0.0,0.0,64.0,1.0
123,123,BNG(optdigits),1,1,active,ARFF,101675.0,10.0,98637.0,10.0,65.0,1000000.0,0.0,0.0,0.0,65.0
29,29,credit-approval,1,1,active,ARFF,383.0,14.0,307.0,2.0,16.0,690.0,37.0,67.0,6.0,10.0
124,124,"BNG(credit-a,nominal,1000000)",1,1,active,ARFF,554898.0,14.0,445102.0,2.0,16.0,1000000.0,0.0,0.0,0.0,16.0
258,258,BNG(credit-a),1,1,active,ARFF,554008.0,14.0,445992.0,2.0,16.0,1000000.0,0.0,0.0,6.0,10.0
31,31,credit-g,1,1,active,ARFF,700.0,10.0,300.0,2.0,21.0,1000.0,0.0,0.0,7.0,14.0
126,126,"BNG(credit-g,nominal,1000000)",1,1,active,ARFF,699587.0,11.0,300413.0,2.0,21.0,1000000.0,0.0,0.0,0.0,21.0
260,260,BNG(credit-g),1,1,active,ARFF,699774.0,11.0,300226.0,2.0,21.0,1000000.0,0.0,0.0,7.0,14.0
42627,42627,dataset_31_credit-g,1,11598,active,arff,,,,,21.0,1000.0,0.0,0.0,7.0,0.0
32,32,pendigits,1,1,active,ARFF,1144.0,10.0,1055.0,10.0,17.0,10992.0,0.0,0.0,16.0,1.0
127,127,"BNG(pendigits,nominal,1000000)",1,1,active,ARFF,104573.0,10.0,95300.0,10.0,17.0,1000000.0,0.0,0.0,0.0,17.0
261,261,BNG(pendigits),1,1,active,ARFF,104513.0,10.0,95594.0,10.0,17.0,1000000.0,0.0,0.0,16.0,1.0
35,35,dermatology,1,1,active,ARFF,112.0,6.0,20.0,6.0,35.0,366.0,8.0,8.0,1.0,34.0
129,129,"BNG(dermatology,nominal,1000000)",1,1,active,ARFF,304611.0,6.0,54922.0,6.0,35.0,1000000.0,0.0,0.0,0.0,35.0
263,263,BNG(dermatology),1,1,active,ARFF,304589.0,6.0,55693.0,6.0,35.0,1000000.0,0.0,0.0,1.0,34.0
36,36,segment,1,1,active,ARFF,330.0,7.0,330.0,7.0,20.0,2310.0,0.0,0.0,19.0,1.0
130,130,BNG(segment),1,1,active,ARFF,143586.0,7.0,142366.0,7.0,20.0,1000000.0,0.0,0.0,0.0,20.0
1502,1502,skin-segmentation,1,64,active,ARFF,194198.0,2.0,50859.0,2.0,4.0,245057.0,0.0,0.0,3.0,1.0
4537,4537,GesturePhaseSegmentationRAW,1,874,active,ARFF,,,,,,,,,,
4538,4538,GesturePhaseSegmentationProcessed,1,874,active,ARFF,2950.0,5.0,998.0,5.0,33.0,9873.0,0.0,0.0,32.0,1.0
37,37,diabetes,1,1,active,ARFF,500.0,2.0,268.0,2.0,9.0,768.0,0.0,0.0,8.0,1.0
212,212,diabetes_numeric,1,1,active,ARFF,,,,0.0,3.0,43.0,0.0,0.0,3.0,0.0
4541,4541,Diabetes130US,1,874,active,ARFF,54864.0,790.0,11357.0,3.0,50.0,101766.0,0.0,0.0,13.0,37.0
41514,41514,Diabetes(scikit-learn),1,2,active,arff,,,,0.0,11.0,442.0,0.0,0.0,11.0,0.0
42106,42106,uci_diabetes_p,1,9558,active,ARFF,,72.0,,,52.0,101766.0,100723.0,192849.0,16.0,33.0
42994,42994,early-stage-diabetes,1,24140,active,arff,,,,,17.0,520.0,0.0,0.0,1.0,0.0
43063,43063,Diabetes,6,26817,active,ARFF,,,,,9.0,768.0,0.0,0.0,8.0,1.0
38,38,sick,1,1,active,ARFF,3541.0,5.0,231.0,2.0,30.0,3772.0,3772.0,6064.0,7.0,23.0
131,131,"BNG(sick,nominal,1000000)",1,1,active,ARFF,938761.0,5.0,61239.0,2.0,30.0,1000000.0,0.0,0.0,0.0,30.0
41944,41944,Sick_numeric,1,8684,active,ARFF,,,,,30.0,3772.0,0.0,0.0,30.0,0.0
39,39,ecoli,1,1,active,ARFF,143.0,8.0,2.0,8.0,8.0,336.0,0.0,0.0,7.0,1.0
3,3,kr-vs-kp,1,1,active,ARFF,1669.0,3.0,1527.0,2.0,37.0,3196.0,0.0,0.0,0.0,37.0
72,72,BNG(kr-vs-kp),1,1,active,ARFF,521875.0,3.0,478125.0,2.0,37.0,1000000.0,0.0,0.0,0.0,37.0
1369,1369,"BNG(kr-vs-kp,1000,1)",1,1,active,ARFF,521875.0,3.0,478125.0,2.0,37.0,1000000.0,0.0,0.0,0.0,37.0
1370,1370,"BNG(kr-vs-kp,1000,5)",1,1,active,ARFF,521875.0,3.0,478125.0,2.0,37.0,1000000.0,0.0,0.0,0.0,37.0
1371,1371,"BNG(kr-vs-kp,1000,10)",1,1,active,ARFF,521875.0,3.0,478125.0,2.0,37.0,1000000.0,0.0,0.0,0.0,37.0
1372,1372,"BNG(kr-vs-kp,5000,1)",1,1,active,ARFF,521875.0,3.0,478125.0,2.0,37.0,1000000.0,0.0,0.0,0.0,37.0
1373,1373,"BNG(kr-vs-kp,5000,5)",1,1,active,ARFF,521875.0,3.0,478125.0,2.0,37.0,1000000.0,0.0,0.0,0.0,37.0
1374,1374,"BNG(kr-vs-kp,5000,10)",1,1,active,ARFF,521875.0,3.0,478125.0,2.0,37.0,1000000.0,0.0,0.0,0.0,37.0
1375,1375,"BNG(kr-vs-kp,10000,1)",1,1,active,ARFF,521875.0,3.0,478125.0,2.0,37.0,1000000.0,0.0,0.0,0.0,37.0
1376,1376,"BNG(kr-vs-kp,10000,5)",1,1,active,ARFF,521875.0,3.0,478125.0,2.0,37.0,1000000.0,0.0,0.0,0.0,37.0
1377,1377,"BNG(kr-vs-kp,10000,10)",1,1,active,ARFF,521875.0,3.0,478125.0,2.0,37.0,1000000.0,0.0,0.0,0.0,37.0
40,40,sonar,1,1,active,ARFF,111.0,2.0,97.0,2.0,61.0,208.0,0.0,0.0,60.0,1.0
132,132,"BNG(sonar,nominal,1000000)",1,1,active,ARFF,533556.0,3.0,466444.0,2.0,61.0,1000000.0,0.0,0.0,0.0,61.0
264,264,BNG(sonar),1,1,active,ARFF,532538.0,2.0,467462.0,2.0,61.0,1000000.0,0.0,0.0,60.0,1.0
41,41,glass,1,1,active,ARFF,76.0,6.0,9.0,6.0,10.0,214.0,0.0,0.0,9.0,1.0
133,133,"BNG(glass,nominal,137781)",1,1,active,ARFF,48277.0,7.0,307.0,7.0,10.0,137781.0,0.0,0.0,0.0,10.0
265,265,BNG(glass),1,1,active,ARFF,48774.0,7.0,313.0,7.0,10.0,137781.0,0.0,0.0,9.0,1.0
952,952,prnn_fglass,1,2,active,ARFF,76.0,6.0,9.0,6.0,10.0,214.0,0.0,0.0,9.0,1.0
42,42,soybean,1,1,active,ARFF,92.0,19.0,8.0,19.0,36.0,683.0,121.0,2337.0,0.0,36.0
134,134,BNG(soybean),1,1,active,ARFF,133345.0,19.0,12441.0,19.0,36.0,1000000.0,0.0,0.0,0.0,36.0
44,44,spambase,1,1,active,ARFF,2788.0,2.0,1813.0,2.0,58.0,4601.0,0.0,0.0,57.0,1.0
135,135,BNG(spambase),1,1,active,ARFF,605948.0,3.0,394052.0,2.0,58.0,1000000.0,0.0,0.0,0.0,58.0
46,46,splice,1,1,active,ARFF,1655.0,6.0,767.0,3.0,61.0,3190.0,0.0,0.0,0.0,61.0
48,48,tae,1,1,active,ARFF,52.0,3.0,49.0,3.0,6.0,151.0,0.0,0.0,3.0,3.0
4,4,labor,1,1,active,ARFF,37.0,3.0,20.0,2.0,17.0,57.0,56.0,326.0,8.0,9.0
73,73,"BNG(labor,nominal,1000000)",1,1,active,ARFF,645520.0,3.0,354480.0,2.0,17.0,1000000.0,0.0,0.0,0.0,17.0
246,246,BNG(labor),2,1,active,ARFF,647000.0,3.0,353000.0,2.0,17.0,1000000.0,0.0,0.0,8.0,9.0
42874,42874,Laboratorio_dataset_car,1,25966,active,ARFF,,,,,7.0,1750.0,0.0,0.0,0.0,7.0
50,50,tic-tac-toe,1,1,active,ARFF,626.0,3.0,332.0,2.0,10.0,958.0,0.0,0.0,0.0,10.0
137,137,BNG(tic-tac-toe),1,1,active,ARFF,25702.0,3.0,13664.0,2.0,10.0,39366.0,0.0,0.0,0.0,10.0
51,51,heart-h,1,1,active,ARFF,188.0,4.0,106.0,2.0,14.0,294.0,293.0,782.0,6.0,8.0
138,138,"BNG(heart-h,nominal,1000000)",1,1,active,ARFF,634862.0,5.0,1659.0,5.0,14.0,1000000.0,0.0,0.0,0.0,14.0
53,53,heart-statlog,1,1,active,ARFF,150.0,2.0,120.0,2.0,14.0,270.0,0.0,0.0,13.0,1.0
140,140,"BNG(heart-statlog,nominal,1000000)",1,1,active,ARFF,554324.0,3.0,445676.0,2.0,14.0,1000000.0,0.0,0.0,0.0,14.0
267,267,BNG(heart-statlog),1,1,active,ARFF,555946.0,2.0,444054.0,2.0,14.0,1000000.0,0.0,0.0,13.0,1.0
42642,42642,dataset_53_heart-statlog,1,11598,active,arff,,,,,14.0,270.0,0.0,0.0,13.0,0.0
54,54,vehicle,1,1,active,ARFF,218.0,4.0,199.0,4.0,19.0,846.0,0.0,0.0,18.0,1.0
141,141,"BNG(vehicle,nominal,1000000)",1,1,active,ARFF,258113.0,4.0,234833.0,4.0,19.0,1000000.0,0.0,0.0,0.0,19.0
268,268,BNG(vehicle),1,1,active,ARFF,257546.0,4.0,235618.0,4.0,19.0,1000000.0,0.0,0.0,18.0,1.0
357,357,vehicle_sensIT,1,167,active,Sparse_ARFF,49264.0,2.0,49264.0,2.0,101.0,98528.0,0.0,0.0,100.0,1.0
485,485,analcatdata_vehicle,1,2,active,ARFF,,6.0,,0.0,5.0,48.0,0.0,0.0,1.0,4.0
1242,1242,vehicleNorm,1,1,active,Sparse_ARFF,49264.0,2.0,49264.0,2.0,101.0,98528.0,0.0,0.0,100.0,1.0
1593,1593,SensIT-Vehicle-Combined,1,402,active,Sparse_ARFF,,,,0.0,101.0,98528.0,0.0,0.0,101.0,0.0
55,55,hepatitis,1,1,active,ARFF,123.0,2.0,32.0,2.0,20.0,155.0,75.0,167.0,6.0,14.0
142,142,"BNG(hepatitis,nominal,1000000)",1,1,active,ARFF,791048.0,3.0,208952.0,2.0,20.0,1000000.0,0.0,0.0,0.0,20.0
269,269,BNG(hepatitis),1,1,active,ARFF,792183.0,2.0,207817.0,2.0,20.0,1000000.0,0.0,0.0,6.0,14.0
1087,1087,hepatitisC,1,2,active,ARFF,245.0,3.0,18.0,3.0,54622.0,283.0,0.0,0.0,54621.0,1.0
56,56,vote,1,1,active,ARFF,267.0,2.0,168.0,2.0,17.0,435.0,203.0,392.0,0.0,17.0
143,143,BNG(vote),1,1,active,ARFF,80409.0,2.0,50663.0,2.0,17.0,131072.0,0.0,0.0,0.0,17.0
523,523,analcatdata_neavote,1,2,active,ARFF,,3.0,,0.0,3.0,100.0,0.0,0.0,2.0,1.0
559,559,schlvote,1,2,active,ARFF,,,,,,,,,,
57,57,hypothyroid,1,1,active,ARFF,3481.0,5.0,2.0,4.0,30.0,3772.0,3772.0,6064.0,7.0,23.0
144,144,"BNG(hypothyroid,nominal,1000000)",1,1,active,ARFF,922578.0,5.0,677.0,4.0,30.0,1000000.0,0.0,0.0,0.0,30.0
59,59,ionosphere,1,1,active,ARFF,225.0,2.0,126.0,2.0,35.0,351.0,0.0,0.0,34.0,1.0
146,146,BNG(ionosphere),1,1,active,ARFF,641025.0,3.0,358975.0,2.0,35.0,1000000.0,0.0,0.0,0.0,35.0
60,60,waveform-5000,1,1,active,ARFF,1692.0,3.0,1653.0,3.0,41.0,5000.0,0.0,0.0,40.0,1.0
147,147,"BNG(waveform-5000,nominal,1000000)",1,1,active,ARFF,337805.0,3.0,330548.0,3.0,41.0,1000000.0,0.0,0.0,0.0,41.0
271,271,BNG(waveform-5000),1,1,active,ARFF,338402.0,3.0,330606.0,3.0,41.0,1000000.0,0.0,0.0,40.0,1.0
61,61,iris,1,1,active,ARFF,50.0,3.0,50.0,3.0,5.0,150.0,0.0,0.0,4.0,1.0
451,451,irish,1,2,active,ARFF,278.0,10.0,222.0,2.0,6.0,500.0,32.0,32.0,2.0,4.0
1413,1413,MyIris,1,379,active,ARFF,50.0,3.0,50.0,3.0,5.0,150.0,0.0,0.0,4.0,1.0
41950,41950,iris_test_upload,1,4030,active,ARFF,50.0,3.0,50.0,3.0,5.0,150.0,0.0,0.0,4.0,1.0
42186,42186,JuanFeldmanIris,1,10443,active,ARFF,50.0,3.0,50.0,3.0,5.0,150.0,0.0,0.0,4.0,1.0
42261,42261,iris-example,1,348,active,ARFF,50.0,,50.0,3.0,5.0,150.0,0.0,0.0,4.0,1.0
6,6,letter,1,1,active,ARFF,813.0,26.0,734.0,26.0,17.0,20000.0,0.0,0.0,16.0,1.0
74,74,"BNG(letter,nominal,1000000)",1,1,active,ARFF,40828.0,26.0,36483.0,26.0,17.0,1000000.0,0.0,0.0,0.0,17.0
247,247,BNG(letter),2,1,active,ARFF,40765.0,26.0,36811.0,26.0,17.0,1000000.0,0.0,0.0,16.0,1.0
1222,1222,letter-challenge-unlabeled.arff,1,1,active,ARFF,10000.0,2.0,2760.0,3.0,17.0,20000.0,0.0,10000.0,16.0,1.0
1378,1378,"BNG(letter,1000,1)",1,1,active,ARFF,40765.0,26.0,36811.0,26.0,17.0,1000000.0,0.0,0.0,16.0,1.0
1379,1379,"BNG(letter,1000,5)",1,1,active,ARFF,40765.0,26.0,36811.0,26.0,17.0,1000000.0,0.0,0.0,16.0,1.0
1380,1380,"BNG(letter,1000,10)",1,1,active,ARFF,40765.0,26.0,36811.0,26.0,17.0,1000000.0,0.0,0.0,16.0,1.0
1381,1381,"BNG(letter,5000,1)",1,1,active,ARFF,40765.0,26.0,36811.0,26.0,17.0,1000000.0,0.0,0.0,16.0,1.0
1382,1382,"BNG(letter,5000,5)",1,1,active,ARFF,40765.0,26.0,36811.0,26.0,17.0,1000000.0,0.0,0.0,16.0,1.0
1383,1383,"BNG(letter,5000,10)",1,1,active,ARFF,40765.0,26.0,36811.0,26.0,17.0,1000000.0,0.0,0.0,16.0,1.0
1384,1384,"BNG(letter,10000,1)",1,1,active,ARFF,40765.0,26.0,36811.0,26.0,17.0,1000000.0,0.0,0.0,16.0,1.0
1385,1385,"BNG(letter,10000,5)",1,1,active,ARFF,40765.0,26.0,36811.0,26.0,17.0,1000000.0,0.0,0.0,16.0,1.0
1386,1386,"BNG(letter,10000,10)",1,1,active,ARFF,40765.0,26.0,36811.0,26.0,17.0,1000000.0,0.0,0.0,16.0,1.0
151,151,electricity,1,1,active,ARFF,26075.0,7.0,19237.0,2.0,9.0,45312.0,0.0,0.0,7.0,2.0
1168,1168,electricity_prices_ICON,1,2,active,ARFF,,,,,,,,,,
40985,40985,tamilnadu-electricity,3,4265,active,ARFF,2906.0,20.0,1397.0,20.0,4.0,45781.0,0.0,0.0,2.0,2.0
1044,1044,eye_movements,1,2,active,ARFF,4262.0,3.0,2870.0,3.0,28.0,10936.0,0.0,0.0,24.0,4.0
606,606,fri_c2_1000_10,1,2,active,ARFF,,,,0.0,11.0,1000.0,0.0,0.0,11.0,0.0
599,599,fri_c2_1000_5,1,2,active,ARFF,,,,0.0,6.0,1000.0,0.0,0.0,6.0,0.0
622,622,fri_c2_1000_50,1,2,active,ARFF,,,,0.0,51.0,1000.0,0.0,0.0,51.0,0.0
646,646,fri_c3_500_10,1,2,active,ARFF,,,,0.0,11.0,500.0,0.0,0.0,11.0,0.0
1038,1038,gina_agnostic,1,2,active,ARFF,1763.0,2.0,1705.0,2.0,971.0,3468.0,0.0,0.0,970.0,1.0
49,49,heart-c,1,1,active,ARFF,165.0,4.0,138.0,2.0,14.0,303.0,7.0,7.0,6.0,8.0
136,136,"BNG(heart-c,nominal,1000000)",1,1,active,ARFF,540810.0,5.0,1618.0,5.0,14.0,1000000.0,0.0,0.0,0.0,14.0
266,266,BNG(heart-c),1,1,active,ARFF,541436.0,5.0,1609.0,5.0,14.0,1000000.0,0.0,0.0,6.0,8.0
1039,1039,hiva_agnostic,1,2,active,ARFF,4080.0,2.0,149.0,2.0,1618.0,4229.0,0.0,0.0,1617.0,1.0
1053,1053,jm1,1,2,active,ARFF,8779.0,2.0,2106.0,2.0,22.0,10885.0,5.0,25.0,21.0,1.0
40997,40997,jungle_chess_2pcs_endgame_panther_lion,1,1,active,arff,2523.0,3.0,145.0,3.0,47.0,4704.0,0.0,0.0,20.0,27.0
41027,41027,jungle_chess_2pcs_raw_endgame_complete,1,1,active,arff,23062.0,3.0,4335.0,3.0,7.0,44819.0,0.0,0.0,6.0,1.0
1045,1045,kc1-top5,1,2,active,ARFF,137.0,2.0,8.0,2.0,95.0,145.0,0.0,0.0,94.0,1.0
1066,1066,kc1-binary,1,2,active,ARFF,85.0,2.0,60.0,2.0,95.0,145.0,0.0,0.0,94.0,1.0
1067,1067,kc1,1,2,active,ARFF,1783.0,2.0,326.0,2.0,22.0,2109.0,0.0,0.0,21.0,1.0
1070,1070,kc1-numeric,1,2,active,ARFF,,,,0.0,95.0,145.0,0.0,0.0,95.0,0.0
1063,1063,kc2,1,2,active,ARFF,415.0,2.0,107.0,2.0,22.0,522.0,0.0,0.0,21.0,1.0
375,375,JapaneseVowels,1,2,active,ARFF,1614.0,9.0,782.0,9.0,15.0,9961.0,0.0,0.0,14.0,1.0
1214,1214,BNG(JapaneseVowels),1,1,active,ARFF,160780.0,9.0,78122.0,9.0,15.0,1000000.0,0.0,0.0,14.0,1.0
189,189,kin8nm,1,1,active,ARFF,,,,0.0,9.0,8192.0,0.0,0.0,9.0,0.0
1104,1104,leukemia,1,2,active,ARFF,47.0,2.0,25.0,2.0,7130.0,72.0,0.0,0.0,7129.0,1.0
1101,1101,lymphoma_2classes,1,2,active,ARFF,23.0,2.0,22.0,2.0,4027.0,45.0,38.0,5948.0,4026.0,1.0
18,18,mfeat-morphological,1,1,active,ARFF,200.0,10.0,200.0,10.0,7.0,2000.0,0.0,0.0,6.0,1.0
1046,1046,mozilla4,1,2,active,ARFF,10437.0,2.0,5108.0,2.0,6.0,15545.0,0.0,0.0,5.0,1.0
15,15,breast-w,1,1,active,ARFF,458.0,2.0,241.0,2.0,10.0,699.0,16.0,16.0,9.0,1.0
251,251,BNG(breast-w),1,1,active,ARFF,25820.0,2.0,13546.0,2.0,10.0,39366.0,0.0,0.0,9.0,1.0
62,62,zoo,1,1,active,ARFF,41.0,7.0,4.0,7.0,17.0,101.0,0.0,0.0,1.0,16.0
148,148,"BNG(zoo,nominal,1000000)",1,1,active,ARFF,396212.0,100.0,42992.0,7.0,18.0,1000000.0,0.0,0.0,0.0,18.0
272,272,BNG(zoo),1,1,active,ARFF,396504.0,100.0,42792.0,7.0,17.0,1000000.0,0.0,0.0,1.0,16.0
42667,42667,ZOO,3,11598,active,arff,,,,,18.0,101.0,0.0,0.0,1.0,15.0
30,30,page-blocks,1,1,active,ARFF,4913.0,5.0,28.0,5.0,11.0,5473.0,0.0,0.0,10.0,1.0
125,125,"BNG(page-blocks,nominal,295245)",1,1,active,ARFF,265211.0,5.0,1558.0,5.0,11.0,295245.0,0.0,0.0,0.0,11.0
259,259,BNG(page-blocks),1,1,active,ARFF,265174.0,5.0,1486.0,5.0,11.0,295245.0,0.0,0.0,10.0,1.0
200,200,pbc,1,1,active,ARFF,,4.0,,0.0,19.0,418.0,142.0,1239.0,11.0,8.0
516,516,pbcseq,1,2,active,ARFF,,1024.0,,0.0,19.0,1945.0,832.0,1133.0,13.0,6.0
1191,1191,BNG(pbc),1,1,active,ARFF,,4.0,,0.0,19.0,1000000.0,0.0,0.0,11.0,8.0
1068,1068,pc1,1,2,active,ARFF,1032.0,2.0,77.0,2.0,22.0,1109.0,0.0,0.0,21.0,1.0
1167,1167,pc1_req,1,2,active,ARFF,213.0,3.0,107.0,2.0,9.0,320.0,0.0,0.0,7.0,2.0
1050,1050,pc3,1,2,active,ARFF,1403.0,2.0,160.0,2.0,38.0,1563.0,0.0,0.0,37.0,1.0
1049,1049,pc4,1,2,active,ARFF,1280.0,2.0,178.0,2.0,38.0,1458.0,0.0,0.0,37.0,1.0
1492,1492,one-hundred-plants-shape,1,64,active,ARFF,16.0,100.0,16.0,100.0,65.0,1600.0,0.0,0.0,64.0,1.0
1464,1464,blood-transfusion-service-center,1,64,active,ARFF,570.0,2.0,178.0,2.0,5.0,748.0,0.0,0.0,4.0,1.0
40992,40992,sylva_agnostic,2,4265,active,ARFF,,2.0,,,217.0,14395.0,0.0,0.0,40.0,177.0
1509,1509,walking-activity,1,64,active,ARFF,21991.0,22.0,911.0,22.0,5.0,149332.0,0.0,0.0,4.0,1.0
1479,1479,hill-valley,1,64,active,ARFF,606.0,2.0,606.0,2.0,101.0,1212.0,0.0,0.0,100.0,1.0
334,334,monks-problems-2,1,2,active,ARFF,395.0,4.0,206.0,2.0,7.0,601.0,0.0,0.0,0.0,7.0
1488,1488,parkinsons,1,64,active,ARFF,147.0,2.0,48.0,2.0,23.0,195.0,0.0,0.0,22.0,1.0
4531,4531,parkinsons-telemonitoring,1,874,active,ARFF,,,,,22.0,5875.0,0.0,0.0,22.0,0.0
4540,4540,ParkinsonSpeechDatasetwithMultipleTypesofSoundRecordings,1,874,active,ARFF,,,,,29.0,1039.0,0.0,0.0,29.0,0.0
1462,1462,banknote-authentication,1,64,active,ARFF,762.0,2.0,610.0,2.0,5.0,1372.0,0.0,0.0,4.0,1.0
343,343,white-clover,1,2,active,ARFF,38.0,7.0,1.0,4.0,32.0,63.0,0.0,0.0,27.0,5.0
987,987,collins,2,2,active,ARFF,420.0,15.0,80.0,2.0,23.0,500.0,0.0,0.0,20.0,3.0
1504,1504,steel-plates-fault,1,64,active,ARFF,1268.0,2.0,673.0,2.0,34.0,1941.0,0.0,0.0,33.0,1.0
1547,1547,autoUniv-au1-1000,1,64,active,ARFF,741.0,2.0,259.0,2.0,21.0,1000.0,0.0,0.0,20.0,1.0
1489,1489,phoneme,1,64,active,ARFF,3818.0,2.0,1586.0,2.0,6.0,5404.0,0.0,0.0,5.0,1.0
1466,1466,cardiotocography,1,64,active,ARFF,579.0,10.0,53.0,10.0,36.0,2126.0,0.0,0.0,35.0,1.0
1510,1510,wdbc,1,64,active,ARFF,357.0,2.0,212.0,2.0,31.0,569.0,0.0,0.0,30.0,1.0
128,128,"BNG(cylinder-bands,nominal,1000000)",1,1,active,ARFF,577023.0,429.0,422977.0,2.0,40.0,1000000.0,0.0,0.0,0.0,40.0
262,262,BNG(cylinder-bands),1,1,active,ARFF,578062.0,429.0,421938.0,2.0,40.0,1000000.0,0.0,0.0,18.0,22.0
6332,6332,cylinder-bands,2,2,active,ARFF,312.0,71.0,228.0,2.0,40.0,540.0,263.0,999.0,18.0,22.0
1493,1493,one-hundred-plants-texture,1,64,active,ARFF,16.0,100.0,15.0,100.0,65.0,1599.0,0.0,0.0,64.0,1.0
40499,40499,texture,1,64,active,ARFF,500.0,11.0,500.0,11.0,41.0,5500.0,0.0,0.0,40.0,1.0
337,337,SPECTF,1,2,active,ARFF,254.0,2.0,95.0,2.0,45.0,349.0,0.0,0.0,44.0,1.0
1181,1181,BNG(spectf_test),1,1,active,ARFF,784810.0,2.0,215190.0,2.0,45.0,1000000.0,0.0,0.0,44.0,1.0
1212,1212,BNG(SPECTF),1,1,active,ARFF,718700.0,2.0,281300.0,2.0,45.0,1000000.0,0.0,0.0,44.0,1.0
1491,1491,one-hundred-plants-margin,1,64,active,ARFF,16.0,100.0,16.0,100.0,65.0,1600.0,0.0,0.0,64.0,1.0
1561,1561,dbworld-bodies-stemmed,1,64,active,ARFF,35.0,2.0,29.0,2.0,3722.0,64.0,0.0,0.0,0.0,3722.0
2,2,anneal,1,1,active,ARFF,684.0,7.0,8.0,5.0,39.0,898.0,898.0,22175.0,6.0,33.0
70,70,"BNG(anneal,nominal,1000000)",1,1,active,ARFF,759513.0,10.0,597.0,6.0,39.0,1000000.0,0.0,0.0,0.0,39.0
71,71,"BNG(anneal.ORIG,nominal,1000000)",1,1,active,ARFF,759513.0,9.0,597.0,6.0,39.0,1000000.0,0.0,0.0,0.0,39.0
244,244,BNG(anneal),1,1,active,ARFF,759652.0,10.0,555.0,6.0,39.0,1000000.0,0.0,0.0,6.0,33.0
245,245,BNG(anneal.ORIG),2,1,active,ARFF,759652.0,9.0,555.0,6.0,39.0,1000000.0,0.0,0.0,6.0,33.0
1351,1351,"BNG(anneal,1000,1)",1,1,active,ARFF,759652.0,10.0,555.0,6.0,39.0,1000000.0,0.0,0.0,6.0,33.0
1352,1352,"BNG(anneal,1000,5)",1,1,active,ARFF,759652.0,10.0,555.0,6.0,39.0,1000000.0,0.0,0.0,6.0,33.0
1353,1353,"BNG(anneal,1000,10)",1,1,active,ARFF,759652.0,10.0,555.0,6.0,39.0,1000000.0,0.0,0.0,6.0,33.0
1354,1354,"BNG(anneal,5000,1)",1,1,active,ARFF,759652.0,10.0,555.0,6.0,39.0,1000000.0,0.0,0.0,6.0,33.0
1355,1355,"BNG(anneal,5000,5)",1,1,active,ARFF,759652.0,10.0,555.0,6.0,39.0,1000000.0,0.0,0.0,6.0,33.0
1356,1356,"BNG(anneal,5000,10)",1,1,active,ARFF,759652.0,10.0,555.0,6.0,39.0,1000000.0,0.0,0.0,6.0,33.0
1357,1357,"BNG(anneal,10000,1)",1,1,active,ARFF,759652.0,10.0,555.0,6.0,39.0,1000000.0,0.0,0.0,6.0,33.0
1358,1358,"BNG(anneal,10000,5)",1,1,active,ARFF,759652.0,10.0,555.0,6.0,39.0,1000000.0,0.0,0.0,6.0,33.0
1359,1359,"BNG(anneal,10000,10)",1,1,active,ARFF,759652.0,10.0,555.0,6.0,39.0,1000000.0,0.0,0.0,6.0,33.0
1360,1360,"BNG(anneal.ORIG,1000,1)",1,1,active,ARFF,759652.0,9.0,555.0,6.0,39.0,1000000.0,0.0,0.0,6.0,33.0
1361,1361,"BNG(anneal.ORIG,1000,5)",1,1,active,ARFF,759652.0,9.0,555.0,6.0,39.0,1000000.0,0.0,0.0,6.0,33.0
1362,1362,"BNG(anneal.ORIG,1000,10)",1,1,active,ARFF,759652.0,9.0,555.0,6.0,39.0,1000000.0,0.0,0.0,6.0,33.0
1363,1363,"BNG(anneal.ORIG,5000,1)",1,1,active,ARFF,759652.0,9.0,555.0,6.0,39.0,1000000.0,0.0,0.0,6.0,33.0
1364,1364,"BNG(anneal.ORIG,5000,5)",1,1,active,ARFF,759652.0,9.0,555.0,6.0,39.0,1000000.0,0.0,0.0,6.0,33.0
1365,1365,"BNG(anneal.ORIG,5000,10)",1,1,active,ARFF,759652.0,9.0,555.0,6.0,39.0,1000000.0,0.0,0.0,6.0,33.0
1366,1366,"BNG(anneal.ORIG,10000,1)",1,1,active,ARFF,759652.0,9.0,555.0,6.0,39.0,1000000.0,0.0,0.0,6.0,33.0
1367,1367,"BNG(anneal.ORIG,10000,5)",1,1,active,ARFF,759652.0,9.0,555.0,6.0,39.0,1000000.0,0.0,0.0,6.0,33.0
1368,1368,"BNG(anneal.ORIG,10000,10)",1,1,active,ARFF,759652.0,9.0,555.0,6.0,39.0,1000000.0,0.0,0.0,6.0,33.0
1494,1494,qsar-biodeg,1,64,active,ARFF,699.0,2.0,356.0,2.0,42.0,1055.0,0.0,0.0,41.0,1.0
340,340,squash-stored,1,2,active,ARFF,23.0,22.0,8.0,3.0,25.0,52.0,2.0,7.0,21.0,4.0
40477,40477,thyroid-allrep,1,64,active,ARFF,1632.0,5.0,31.0,5.0,27.0,2800.0,0.0,0.0,6.0,21.0
1480,1480,ilpd,1,64,active,ARFF,416.0,2.0,167.0,2.0,11.0,583.0,0.0,0.0,9.0,2.0
41943,41943,ilpd-numeric,1,8684,active,ARFF,,,,0.0,11.0,583.0,0.0,0.0,11.0,0.0
1459,1459,artificial-characters,1,64,active,ARFF,1416.0,10.0,600.0,10.0,8.0,10218.0,0.0,0.0,7.0,1.0
1475,1475,first-order-theorem-proving,1,64,active,ARFF,2554.0,6.0,486.0,6.0,52.0,6118.0,0.0,0.0,51.0,1.0
329,329,hayes-roth,1,2,active,ARFF,65.0,3.0,31.0,3.0,5.0,160.0,0.0,0.0,4.0,1.0
339,339,pasture,1,2,active,ARFF,12.0,4.0,12.0,3.0,23.0,36.0,0.0,0.0,21.0,2.0
1508,1508,user-knowledge,1,64,active,ARFF,129.0,5.0,24.0,5.0,6.0,403.0,0.0,0.0,5.0,1.0
1490,1490,planning-relax,1,64,active,ARFF,130.0,2.0,52.0,2.0,13.0,182.0,0.0,0.0,12.0,1.0
1514,1514,micro-mass,1,64,active,ARFF,36.0,10.0,36.0,10.0,1301.0,360.0,0.0,0.0,1300.0,1.0
40496,40496,LED-display-domain-7digit,1,64,active,ARFF,57.0,10.0,37.0,10.0,8.0,500.0,0.0,0.0,7.0,1.0
40498,40498,wine-quality-white,1,64,active,ARFF,2198.0,7.0,5.0,7.0,12.0,4898.0,0.0,0.0,11.0,1.0
4534,4534,PhishingWebsites,1,874,active,ARFF,6157.0,3.0,4898.0,2.0,31.0,11055.0,0.0,0.0,0.0,31.0
1563,1563,dbworld-subjects-stemmed,1,64,active,ARFF,35.0,2.0,29.0,2.0,230.0,64.0,0.0,0.0,0.0,230.0
1497,1497,wall-robot-navigation,1,64,active,ARFF,2205.0,4.0,328.0,4.0,25.0,5456.0,0.0,0.0,24.0,1.0
1496,1496,ringnorm,1,64,active,ARFF,3736.0,2.0,3664.0,2.0,21.0,7400.0,0.0,0.0,20.0,1.0
1467,1467,climate-model-simulation-crashes,1,64,active,ARFF,494.0,2.0,46.0,2.0,21.0,540.0,0.0,0.0,20.0,1.0
313,313,spectrometer,1,94,active,ARFF,55.0,531.0,1.0,48.0,102.0,531.0,0.0,0.0,100.0,2.0
336,336,SPECT,1,2,active,ARFF,212.0,2.0,55.0,2.0,23.0,267.0,0.0,0.0,0.0,23.0
1180,1180,BNG(spect_test),1,1,active,ARFF,915437.0,2.0,84563.0,2.0,23.0,1000000.0,0.0,0.0,0.0,23.0
1211,1211,BNG(SPECT),1,1,active,ARFF,791580.0,2.0,208420.0,2.0,23.0,1000000.0,0.0,0.0,0.0,23.0
1077,1077,rsctc2010_1,1,2,active,ARFF,58.0,3.0,7.0,3.0,22284.0,105.0,0.0,0.0,22283.0,1.0
294,294,satellite_image,1,94,active,ARFF,,,,0.0,37.0,6435.0,0.0,0.0,37.0,0.0
1206,1206,BNG(satellite_image),1,1,active,ARFF,,,,0.0,37.0,1000000.0,0.0,0.0,37.0,0.0
40900,40900,Satellite,1,3768,active,ARFF,5025.0,2.0,75.0,2.0,37.0,5100.0,0.0,0.0,36.0,1.0
1441,1441,KungChi3,1,427,active,ARFF,107.0,2.0,16.0,2.0,40.0,123.0,0.0,0.0,39.0,1.0
40983,40983,wilt,2,4265,active,ARFF,4578.0,2.0,261.0,2.0,6.0,4839.0,0.0,0.0,5.0,1.0
40993,40993,ada_agnostic,2,4265,active,ARFF,,2.0,,,49.0,4562.0,0.0,0.0,6.0,43.0
307,307,vowel,2,2,active,ARFF,90.0,15.0,90.0,11.0,13.0,990.0,0.0,0.0,10.0,3.0
1209,1209,BNG(vowel),2,1,active,ARFF,91406.0,15.0,90311.0,11.0,13.0,1000000.0,0.0,0.0,10.0,3.0
1487,1487,ozone-level-8hr,1,64,active,ARFF,2374.0,2.0,160.0,2.0,73.0,2534.0,0.0,0.0,72.0,1.0
1562,1562,dbworld-bodies,1,64,active,ARFF,35.0,2.0,29.0,2.0,4703.0,64.0,0.0,0.0,0.0,4703.0
1205,1205,BNG(Australian),1,1,active,ARFF,573051.0,2.0,426949.0,2.0,15.0,1000000.0,0.0,0.0,14.0,1.0
40981,40981,Australian,4,4265,active,ARFF,383.0,14.0,307.0,2.0,15.0,690.0,0.0,0.0,6.0,9.0
1511,1511,wholesale-customers,1,64,active,ARFF,298.0,3.0,142.0,2.0,9.0,440.0,0.0,0.0,7.0,2.0
1485,1485,madelon,1,64,active,ARFF,1300.0,2.0,1300.0,2.0,501.0,2600.0,0.0,0.0,500.0,1.0
1482,1482,leaf,1,64,active,ARFF,16.0,30.0,8.0,30.0,16.0,340.0,0.0,0.0,15.0,1.0
26,26,nursery,1,1,active,ARFF,4320.0,5.0,2.0,5.0,9.0,12960.0,0.0,0.0,0.0,9.0
311,311,oil_spill,1,94,active,ARFF,896.0,2.0,41.0,2.0,50.0,937.0,0.0,0.0,49.0,1.0
1498,1498,sa-heart,1,64,active,ARFF,302.0,2.0,160.0,2.0,10.0,462.0,0.0,0.0,8.0,2.0
1461,1461,bank-marketing,1,64,active,ARFF,39922.0,12.0,5289.0,2.0,17.0,45211.0,0.0,0.0,7.0,10.0
1471,1471,eeg-eye-state,1,64,active,ARFF,8257.0,2.0,6723.0,2.0,15.0,14980.0,0.0,0.0,14.0,1.0
4135,4135,Amazon_employee_access,1,2,active,ARFF,30872.0,7518.0,1897.0,2.0,10.0,32769.0,0.0,0.0,0.0,10.0
1468,1468,cnae-9,1,64,active,ARFF,120.0,9.0,120.0,9.0,857.0,1080.0,0.0,0.0,856.0,1.0
310,310,mammography,1,94,active,ARFF,10923.0,2.0,260.0,2.0,7.0,11183.0,0.0,0.0,6.0,1.0
338,338,grub-damage,1,2,active,ARFF,49.0,21.0,19.0,4.0,9.0,155.0,0.0,0.0,2.0,7.0
1443,1443,PizzaCutter1,1,427,active,ARFF,609.0,2.0,52.0,2.0,38.0,661.0,0.0,0.0,37.0,1.0
1501,1501,semeion,1,64,active,ARFF,162.0,10.0,155.0,10.0,257.0,1593.0,0.0,0.0,256.0,1.0
342,342,squash-unstored,1,2,active,ARFF,24.0,22.0,4.0,3.0,24.0,52.0,9.0,39.0,20.0,4.0
312,312,scene,1,94,active,ARFF,1976.0,2.0,431.0,2.0,300.0,2407.0,0.0,0.0,294.0,6.0
1079,1079,rsctc2010_3,1,2,active,ARFF,27.0,5.0,5.0,5.0,22278.0,95.0,0.0,0.0,22277.0,1.0
1500,1500,seismic-bumps,1,64,active,ARFF,70.0,3.0,70.0,3.0,8.0,210.0,0.0,0.0,7.0,1.0
1507,1507,twonorm,1,64,active,ARFF,3703.0,2.0,3697.0,2.0,21.0,7400.0,0.0,0.0,20.0,1.0
1512,1512,heart-long-beach,1,64,active,ARFF,56.0,5.0,10.0,5.0,14.0,200.0,0.0,0.0,13.0,1.0
1564,1564,dbworld-subjects,1,64,active,ARFF,35.0,2.0,29.0,2.0,243.0,64.0,0.0,0.0,0.0,243.0
470,470,profb,1,2,active,ARFF,448.0,28.0,224.0,2.0,10.0,672.0,666.0,1200.0,5.0,5.0
466,466,schizo,1,2,active,ARFF,177.0,3.0,163.0,2.0,15.0,340.0,228.0,834.0,12.0,3.0
172,172,shuttle-landing-control,1,1,active,ARFF,9.0,4.0,6.0,2.0,7.0,15.0,9.0,26.0,0.0,7.0
40685,40685,shuttle,1,869,active,ARFF,45586.0,7.0,10.0,7.0,10.0,58000.0,0.0,0.0,9.0,1.0
41488,41488,sf1,2,2373,active,ARFF,,6.0,,,13.0,323.0,0.0,0.0,3.0,10.0
40536,40536,SpeedDating,1,2,active,ARFF,6998.0,,1380.0,2.0,121.0,8378.0,7330.0,18372.0,59.0,62.0
42825,42825,speeddating,2,25797,active,ARFF,,,,,123.0,8378.0,7330.0,18372.0,59.0,64.0
377,377,synthetic_control,1,2,active,ARFF,100.0,6.0,100.0,6.0,61.0,600.0,0.0,0.0,60.0,1.0
1107,1107,tumors_C,1,2,active,ARFF,39.0,2.0,21.0,2.0,7130.0,60.0,0.0,0.0,7129.0,1.0
40691,40691,wine-quality-red,1,869,active,ARFF,681.0,6.0,10.0,6.0,12.0,1599.0,0.0,0.0,11.0,1.0
